City_ID,City,Country,Date,Lat,Lng,Max Temp,Humidity,Cloudiness,Wind Speed
0,Strezhevoy,RU,2021-09-21 20:26:40,60.7333,77.5889,33.78,98,100,5.28
1,Jamestown,US,2021-09-21 20:26:41,42.097,-79.2353,74.01,70,75,4.0
2,Huanren,CN,2021-09-21 20:26:41,41.2647,125.3667,56.37,97,100,4.09
3,Ponta Do Sol,PT,2021-09-21 20:26:41,32.6667,-17.1,74.03,72,72,5.19
4,Salinas,US,2021-09-21 20:22:43,36.6777,-121.6555,102.56,32,1,10.36
5,Vanimo,PG,2021-09-21 20:26:42,-2.6741,141.3028,76.78,90,100,2.68
6,Ushuaia,AR,2021-09-21 20:26:42,-54.8,-68.3,49.66,76,75,8.05
7,Albany,US,2021-09-21 20:26:42,42.6001,-73.9662,73.58,63,92,9.19
8,Hofn,IS,2021-09-21 20:26:43,64.2539,-15.2082,46.54,71,22,44.18
9,Liaoyang,CN,2021-09-21 20:26:43,41.2719,123.1731,55.72,91,100,7.9
10,Sisimiut,GL,2021-09-21 20:26:43,66.9395,-53.6735,34.54,71,87,4.59
11,Yulara,AU,2021-09-21 20:26:44,-25.2406,130.9889,44.44,49,41,6.91
12,Luderitz,NA,2021-09-21 20:26:44,-26.6481,15.1594,66.69,44,11,8.25
13,Codrington,AU,2021-09-21 20:26:44,-38.2667,141.9667,50.7,94,100,6.96
14,Mahebourg,MU,2021-09-21 20:26:45,-20.4081,57.7,70.25,68,75,8.05
15,Nikolskoye,RU,2021-09-21 20:26:45,59.7035,30.7861,44.49,81,100,5.5
16,Rikitea,PF,2021-09-21 20:26:45,-23.1203,-134.9692,73.76,71,1,13.8
17,Luganville,VU,2021-09-21 20:26:46,-15.5333,167.1667,76.91,77,69,2.21
18,Haines Junction,CA,2021-09-21 20:26:46,60.7522,-137.5108,33.75,86,100,11.5
19,Cape Town,ZA,2021-09-21 20:22:46,-33.9258,18.4232,57.61,77,0,3.0
20,Thunder Bay,CA,2021-09-21 20:24:40,48.4001,-89.3168,62.58,50,75,13.8
21,Qaanaaq,GL,2021-09-21 20:26:47,77.484,-69.3632,14.07,72,14,6.85
22,Akhmeta,GE,2021-09-21 20:26:47,42.0311,45.2075,72.12,51,100,5.97
23,Avarua,CK,2021-09-21 20:26:47,-21.2078,-159.775,77.05,83,75,6.91
24,Burns Lake,CA,2021-09-21 20:26:48,54.2331,-125.7533,53.02,66,100,9.06
25,Punta Arenas,CL,2021-09-21 20:26:48,-53.15,-70.9167,57.31,58,0,20.71
26,Hualmay,PE,2021-09-21 20:26:48,-11.0964,-77.6139,66.7,73,26,10.54
27,Kirakira,SB,2021-09-21 20:26:49,-10.4544,161.9205,78.8,85,80,5.37
28,Hobart,AU,2021-09-21 20:25:20,-42.8794,147.3294,55.26,80,40,1.99
29,Penzberg,DE,2021-09-21 20:26:49,47.75,11.3833,51.6,91,99,2.82
30,Tuktoyaktuk,CA,2021-09-21 20:26:50,69.4541,-133.0374,37.4,70,90,14.97
31,Asfi,MA,2021-09-21 20:26:50,32.2994,-9.2372,69.94,84,0,7.45
32,Busselton,AU,2021-09-21 20:26:50,-33.65,115.3333,55.45,74,0,4.09
33,Sambava,MG,2021-09-21 20:26:51,-14.2667,50.1667,72.52,72,38,12.64
34,Humberto De Campos,BR,2021-09-21 20:26:51,-2.5983,-43.4611,83.5,64,89,9.75
35,Bredasdorp,ZA,2021-09-21 20:26:51,-34.5322,20.0403,50.29,81,3,5.75
36,Carnarvon,AU,2021-09-21 20:26:52,-24.8667,113.6333,53.67,94,0,6.91
37,Udachnyy,RU,2021-09-21 20:26:52,66.4167,112.4,40.82,61,100,3.78
38,Flinders,AU,2021-09-21 20:26:53,-34.5833,150.8552,50.18,64,50,3.0
39,Geraldton,AU,2021-09-21 20:26:53,-28.7667,114.6,54.01,37,0,13.8
40,Morros,BR,2021-09-21 20:26:53,-9.4467,-46.3003,99.52,12,39,5.93
41,Katsuura,JP,2021-09-21 20:26:54,35.1333,140.3,73.51,91,100,1.72
42,Mataura,NZ,2021-09-21 20:26:54,-46.1927,168.8643,45.48,89,28,1.57
43,Veraval,IN,2021-09-21 20:26:54,20.9,70.3667,80.67,86,94,16.22
44,Turinskaya Sloboda,RU,2021-09-21 20:26:55,57.6232,64.3858,34.3,89,24,5.57
45,San Cristobal,VE,2021-09-21 20:26:55,7.7669,-72.225,80.78,83,100,5.99
46,San Francisco,US,2021-09-21 20:24:07,37.7749,-122.4194,99.63,35,20,0.0
47,Saint-Leu,RE,2021-09-21 20:26:56,-21.15,55.2833,65.26,68,1,2.17
48,Fort Nelson,CA,2021-09-21 20:26:56,58.8053,-122.7002,62.19,42,40,4.61
49,Dalbandin,PK,2021-09-21 20:26:56,28.8947,64.4101,78.82,12,0,1.86
50,Davila,PH,2021-09-21 20:26:57,18.4726,120.5763,81.09,82,29,4.18
51,Chumikan,RU,2021-09-21 20:26:57,54.7183,135.315,39.63,70,0,1.12
52,Bluff,NZ,2021-09-21 20:26:57,-46.6,168.3333,45.81,69,60,19.84
53,Te Anau,NZ,2021-09-21 20:26:58,-45.4167,167.7167,39.52,92,51,0.58
54,Puerto Ayora,EC,2021-09-21 20:26:58,-0.7393,-90.3518,76.96,83,74,11.01
55,Sechura,PE,2021-09-21 20:26:58,-5.5569,-80.8222,75.13,59,34,18.45
56,La Ronge,CA,2021-09-21 20:26:59,55.1001,-105.2842,61.02,55,90,6.91
57,Taruma,BR,2021-09-21 20:26:59,-22.7467,-50.5772,100.89,13,14,4.54
58,Severo-Kurilsk,RU,2021-09-21 20:26:59,50.6789,156.125,48.16,86,27,12.41
59,Kahului,US,2021-09-21 20:23:38,20.8947,-156.47,82.42,58,40,21.85
60,Carora,VE,2021-09-21 20:27:00,10.1755,-70.0827,93.07,37,98,1.88
61,Nanortalik,GL,2021-09-21 20:27:00,60.1432,-45.2371,36.77,78,96,14.23
62,Sawakin,SD,2021-09-21 20:27:01,19.1059,37.3321,89.82,54,1,10.18
63,Bengkulu,ID,2021-09-21 20:27:01,-3.8004,102.2655,74.59,91,100,4.29
64,Dingle,PH,2021-09-21 20:27:01,10.9995,122.6711,74.57,92,96,3.74
65,Kavaratti,IN,2021-09-21 20:27:02,10.5669,72.642,81.63,79,27,16.13
66,Oksfjord,NO,2021-09-21 20:27:02,70.2396,22.3479,45.52,79,13,13.42
67,Timizart,DZ,2021-09-21 20:26:02,36.8,4.2667,65.5,85,100,7.29
68,Fukue,JP,2021-09-21 20:27:03,32.6881,128.8419,75.49,74,0,11.56
69,Guerrero Negro,MX,2021-09-21 20:26:56,27.9769,-114.0611,86.76,45,6,7.63
70,Stornoway,GB,2021-09-21 20:27:03,58.2093,-6.3865,58.96,77,40,37.98
71,Ancud,CL,2021-09-21 20:27:03,-41.8697,-73.8203,62.13,67,0,3.94
72,Ossora,RU,2021-09-21 20:27:04,59.2353,163.0719,48.69,89,100,10.47
73,Laurel,US,2021-09-21 20:27:04,39.0993,-76.8483,81.52,69,90,3.0
74,Imbituba,BR,2021-09-21 20:27:05,-28.24,-48.6703,67.89,79,100,22.95
75,Constantine,DZ,2021-09-21 20:27:05,36.365,6.6147,63.81,88,75,10.36
76,Atuona,PF,2021-09-21 20:27:05,-9.8,-139.0333,77.9,71,30,23.06
77,Tuatapere,NZ,2021-09-21 20:27:05,-46.1333,167.6833,45.82,87,16,3.71
78,Grand-Lahou,CI,2021-09-21 20:27:06,5.1367,-5.0242,75.92,94,84,7.0
79,Yellowknife,CA,2021-09-21 20:27:06,62.456,-114.3525,50.52,71,90,14.97
80,Sabang,ID,2021-09-21 20:27:07,5.8933,95.3214,82.13,75,100,22.73
81,Kaitangata,NZ,2021-09-21 20:27:08,-46.2817,169.8464,43.3,80,13,6.06
82,Trinidad,BO,2021-09-21 20:27:08,-14.8333,-64.9,99.9,24,90,5.32
83,Ribeira Grande,PT,2021-09-21 20:27:08,38.5167,-28.7,72.0,83,40,14.97
84,Cidreira,BR,2021-09-21 20:27:09,-30.1811,-50.2056,60.58,62,66,17.83
85,Liverpool,GB,2021-09-21 20:26:59,53.4106,-2.9779,59.14,82,100,1.92
86,Odweyne,SO,2021-09-21 20:27:09,9.4092,45.064,80.56,44,76,14.45
87,Tabory,RU,2021-09-21 20:27:10,58.5198,64.5495,33.98,89,100,5.03
88,Kilindoni,TZ,2021-09-21 20:27:10,-7.9139,39.6668,76.39,80,0,13.02
89,Komsomolskiy,UZ,2021-09-21 20:27:10,40.4272,71.7189,65.12,45,0,4.61
90,Hami,CN,2021-09-21 20:27:11,42.8,93.45,68.94,27,88,4.14
91,Karratha,AU,2021-09-21 20:27:11,-20.7377,116.8463,80.47,22,100,21.32
92,Katiola,CI,2021-09-21 20:27:11,8.1333,-5.1,74.46,88,95,4.72
93,Ilovka,RU,2021-09-21 20:27:12,50.7053,38.637,48.24,89,100,6.24
94,Cherskiy,RU,2021-09-21 20:27:12,68.75,161.3,27.34,68,100,5.1
95,Havre-Saint-Pierre,CA,2021-09-21 20:27:12,50.2334,-63.5986,62.96,67,1,9.22
96,Voh,NC,2021-09-21 20:27:13,-20.9667,164.7,69.85,66,47,3.89
97,Mitu,CO,2021-09-21 20:27:13,1.1983,-70.1733,80.22,86,100,1.52
98,Sorsk,RU,2021-09-21 20:27:13,54.0033,90.2467,29.68,91,100,4.65
99,Srednekolymsk,RU,2021-09-21 20:27:14,67.45,153.6833,29.62,53,100,1.41
100,Port Elizabeth,ZA,2021-09-21 20:24:37,-33.918,25.5701,52.09,87,40,0.0
101,Port Alfred,ZA,2021-09-21 20:27:14,-33.5906,26.891,57.09,75,98,1.32
102,Yeppoon,AU,2021-09-21 20:27:15,-23.1333,150.7333,51.58,42,0,13.76
103,Nha Trang,VN,2021-09-21 20:27:15,12.25,109.1833,78.8,91,78,4.45
104,Thompson,CA,2021-09-21 20:25:07,55.7435,-97.8558,48.36,57,75,5.75
105,Salalah,OM,2021-09-21 20:23:19,17.0151,54.0924,80.69,83,75,5.75
106,Ponta Delgada,PT,2021-09-21 20:27:16,37.7333,-25.6667,72.32,68,75,8.05
107,Barrow,US,2021-09-21 20:27:16,71.2906,-156.7887,33.82,69,90,20.71
108,Port Hardy,CA,2021-09-21 20:27:17,50.6996,-127.4199,60.98,77,90,10.36
109,Kisoro,UG,2021-09-21 20:27:17,-1.2854,29.685,59.34,81,89,0.94
110,Hilo,US,2021-09-21 20:23:01,19.7297,-155.09,78.8,78,90,5.75
111,Mwene-Ditu,CD,2021-09-21 20:27:18,-7.0,23.45,78.67,34,24,3.78
112,Upernavik,GL,2021-09-21 20:27:18,72.7868,-56.1549,21.74,51,12,6.06
113,Vaini,TO,2021-09-21 20:27:18,-21.2,-175.2,75.36,78,75,10.36
114,Andros Town,BS,2021-09-21 20:27:19,24.7,-77.7667,87.76,65,99,10.71
115,Saint-Philippe,RE,2021-09-21 20:27:19,-21.3585,55.7679,65.79,75,41,9.91
116,Hermanus,ZA,2021-09-21 20:27:19,-34.4187,19.2345,55.9,79,11,11.5
117,Oistins,BB,2021-09-21 20:26:47,13.0667,-59.5333,87.89,66,40,14.97
118,Kenai,US,2021-09-21 20:23:42,60.5544,-151.2583,45.09,38,90,13.8
119,Khanapur,IN,2021-09-21 20:27:20,15.6333,74.5167,69.06,94,92,6.71
120,Tual,ID,2021-09-21 20:27:20,-5.6667,132.75,80.83,79,100,19.98
121,Tura,IN,2021-09-21 20:27:21,25.5198,90.2201,73.33,82,100,1.68
122,Noumea,NC,2021-09-21 20:23:15,-22.2763,166.4572,66.18,73,11,4.68
123,Longyearbyen,SJ,2021-09-21 20:27:21,78.2186,15.6401,42.64,93,75,2.3
124,Viseu,PT,2021-09-21 20:23:45,40.661,-7.9097,67.73,48,0,11.74
125,Port Hedland,AU,2021-09-21 20:27:21,-20.3167,118.5667,80.65,10,100,18.41
126,Lazaro Cardenas,MX,2021-09-21 20:24:09,17.9583,-102.2,85.3,70,100,7.78
127,Vardo,NO,2021-09-21 20:27:22,70.3705,31.1107,40.98,70,20,19.57
128,Nyurba,RU,2021-09-21 20:27:22,63.2842,118.3319,35.76,91,94,4.25
129,San Patricio,US,2021-09-21 20:27:23,28.017,-97.5169,98.69,42,4,12.39
130,Maniitsoq,GL,2021-09-21 20:27:23,65.4167,-52.9,33.91,66,95,3.47
131,Quatre Cocos,MU,2021-09-21 20:27:23,-20.2078,57.7625,70.09,72,11,12.59
132,Butaritari,KI,2021-09-21 20:27:23,3.0707,172.7902,83.16,70,93,15.75
133,Ginir,ET,2021-09-21 20:27:24,7.1333,40.7,61.63,72,5,5.55
134,Toktogul,KG,2021-09-21 20:27:24,41.8708,72.9402,62.78,38,0,0.83
135,Hithadhoo,MV,2021-09-21 20:27:24,-0.6,73.0833,82.8,76,100,15.48
136,Inhambane,MZ,2021-09-21 20:27:25,-23.865,35.3833,70.02,76,80,18.66
137,Castro,BR,2021-09-21 20:27:25,-24.7911,-50.0119,76.6,59,72,10.09
138,Taoudenni,ML,2021-09-21 20:27:26,22.6783,-3.9836,102.34,7,0,8.25
139,Abbeville,FR,2021-09-21 20:27:26,50.1,1.8333,57.69,73,61,3.15
140,Lebu,CL,2021-09-21 20:27:26,-37.6167,-73.65,56.03,64,0,6.87
141,Aasiaat,GL,2021-09-21 20:27:27,68.7098,-52.8699,26.58,90,56,3.62
142,Lavrentiya,RU,2021-09-21 20:27:27,65.5833,-171.0,32.92,64,13,8.52
143,Castrovillari,IT,2021-09-21 20:27:27,39.8203,16.2123,67.3,65,100,3.74
144,Mpigi,UG,2021-09-21 20:27:28,0.225,32.3136,63.5,84,100,2.98
145,Kodiak,US,2021-09-21 20:27:28,57.79,-152.4072,43.9,47,0,29.24
146,Manaus,BR,2021-09-21 20:27:28,-3.1019,-60.025,91.9,58,40,9.22
147,Fredericksburg,US,2021-09-21 20:23:45,38.3032,-77.4605,83.01,66,90,3.0
148,Sur,OM,2021-09-21 20:24:33,22.5667,59.5289,86.16,63,28,12.84
149,Souillac,MU,2021-09-21 20:27:29,-20.5167,57.5167,70.36,68,75,8.05
150,Tahta,EG,2021-09-21 20:27:29,26.7693,31.5021,93.52,21,0,13.62
151,Qasigiannguit,GL,2021-09-21 20:27:30,68.8193,-51.1922,27.63,89,93,2.17
152,Lasa,IT,2021-09-21 20:27:30,46.6166,10.7002,54.01,83,28,4.43
153,Alofi,NU,2021-09-21 20:27:30,-19.0595,-169.9187,75.09,94,75,11.5
154,Corsicana,US,2021-09-21 20:27:31,32.0954,-96.4689,87.57,42,26,18.43
155,New Norfolk,AU,2021-09-21 20:27:31,-42.7826,147.0587,54.9,76,70,4.63
156,Merauke,ID,2021-09-21 20:27:31,-8.4667,140.3333,75.88,88,67,10.78
157,Bethel,US,2021-09-21 20:24:38,41.3712,-73.414,76.1,75,75,1.01
158,Malumfashi,NG,2021-09-21 20:27:32,11.7853,7.6218,76.24,70,14,9.46
159,Beringovskiy,RU,2021-09-21 20:27:32,63.05,179.3167,37.62,98,100,11.41
160,East London,ZA,2021-09-21 20:27:33,-33.0153,27.9116,60.42,59,100,1.21
161,Tutoia,BR,2021-09-21 20:27:33,-2.7619,-42.2744,84.18,73,49,12.64
162,Dosso,NE,2021-09-21 20:27:34,13.049,3.1937,87.76,51,100,8.5
163,Bambous Virieux,MU,2021-09-21 20:27:34,-20.3428,57.7575,70.21,68,75,8.05
164,Mar Del Plata,AR,2021-09-21 20:27:35,-38.0023,-57.5575,52.54,59,0,8.12
165,Santa Cruz,BO,2021-09-21 20:27:35,-17.8,-63.1667,85.46,39,40,19.57
166,Esperance,AU,2021-09-21 20:27:36,-33.8667,121.9,48.04,41,1,16.91
167,Kapaa,US,2021-09-21 20:27:36,22.0752,-159.319,82.38,71,20,5.01
168,Andenes,NO,2021-09-21 20:27:36,69.3143,16.1194,49.98,62,75,20.71
169,Leninsk,RU,2021-09-21 20:27:37,48.7119,45.1994,57.06,91,100,5.99
170,Damghan,IR,2021-09-21 20:27:37,36.1683,54.348,73.98,41,0,3.31
171,Faanui,PF,2021-09-21 20:27:37,-16.4833,-151.75,78.33,72,11,8.84
172,Kropotkin,RU,2021-09-21 20:27:38,45.4375,40.5756,58.69,89,100,6.6
173,Iranshahr,IR,2021-09-21 20:27:38,27.2025,60.6848,93.54,31,20,6.91
174,Malakal,SS,2021-09-21 20:27:38,9.5334,31.6605,69.03,94,100,2.91
175,Saskylakh,RU,2021-09-21 20:27:39,71.9167,114.0833,31.77,89,100,7.52
176,Rome,US,2021-09-21 20:25:26,34.257,-85.1647,85.6,73,40,0.0
177,Baruun-Urt,MN,2021-09-21 20:27:39,46.6806,113.2792,50.94,72,6,3.85
178,Huarmey,PE,2021-09-21 20:27:36,-10.0681,-78.1522,68.54,72,8,12.88
179,Panuco,MX,2021-09-21 20:27:40,22.05,-98.1667,87.98,60,70,8.61
180,Tilichiki,RU,2021-09-21 20:27:40,60.4667,166.1,44.87,91,100,8.5
181,Mendoza,AR,2021-09-21 20:27:41,-32.8908,-68.8272,71.13,28,0,13.8
182,Dauphin,CA,2021-09-21 20:27:41,51.1494,-100.0502,68.14,32,1,13.8
183,Honningsvag,NO,2021-09-21 20:27:41,70.9821,25.9704,45.21,72,9,31.97
184,Khatanga,RU,2021-09-21 20:27:41,71.9667,102.5,29.88,95,57,11.07
185,Sakaiminato,JP,2021-09-21 20:27:42,35.55,133.2333,76.98,78,75,4.61
186,Chokurdakh,RU,2021-09-21 20:27:42,70.6333,147.9167,26.91,75,88,8.34
187,Bumba,CD,2021-09-21 20:27:42,2.1833,22.4667,72.79,91,100,1.39
188,Mana,GF,2021-09-21 20:27:43,5.6592,-53.7767,83.7,72,57,8.93
189,Laguna,US,2021-09-21 20:27:43,38.421,-121.4238,98.44,26,1,1.01
190,Pitogo,PH,2021-09-21 20:27:43,13.7847,122.0881,77.94,89,99,4.16
191,Trairi,BR,2021-09-21 20:25:12,-3.2778,-39.2689,80.28,69,14,14.14
192,Jiangyou,CN,2021-09-21 20:27:44,31.7667,104.7167,72.54,86,86,0.76
193,Canon City,US,2021-09-21 20:27:44,38.441,-105.2424,70.61,33,1,1.99
194,Mehamn,NO,2021-09-21 20:27:45,71.0357,27.8492,42.71,69,8,23.04
195,Svetlyy,RU,2021-09-21 20:27:45,54.675,20.1347,51.85,71,100,7.83
196,Bundaberg,AU,2021-09-21 20:27:45,-24.85,152.35,50.29,43,0,10.36
197,Beloha,MG,2021-09-21 20:27:46,-25.1667,45.05,66.45,89,15,5.44
198,Isangel,VU,2021-09-21 20:27:46,-19.55,169.2667,75.31,73,95,5.75
199,Kruisfontein,ZA,2021-09-21 20:27:46,-34.0033,24.7314,48.88,88,9,3.22
200,Arman,RU,2021-09-21 20:27:47,59.7,150.1667,40.48,80,99,10.65
201,Portland,US,2021-09-21 20:27:09,45.5234,-122.6762,84.52,38,75,1.01
202,Dese,ET,2021-09-21 20:27:47,11.1333,39.6333,55.92,55,28,2.82
203,Road Town,VG,2021-09-21 20:27:30,18.4167,-64.6167,85.19,89,75,12.66
204,Sahuaripa,MX,2021-09-21 20:27:47,29.05,-109.2333,94.37,35,27,4.83
205,Gobabis,NA,2021-09-21 20:27:48,-22.45,18.9667,65.1,18,9,11.7
206,Aykhal,RU,2021-09-21 20:27:48,66.0,111.5,38.95,79,100,3.65
207,Chara,RU,2021-09-21 20:27:48,56.9064,118.2631,50.27,83,93,1.77
208,Dakar,SN,2021-09-21 20:27:49,14.6937,-17.4441,84.33,79,86,0.0
209,Cap Malheureux,MU,2021-09-21 20:27:49,-19.9842,57.6142,70.47,69,3,5.99
210,Koslan,RU,2021-09-21 20:27:49,63.4564,48.8989,33.78,86,12,2.75
211,Boca Do Acre,BR,2021-09-21 20:27:50,-8.7522,-67.3978,83.26,61,98,3.38
212,Grand Forks,US,2021-09-21 20:27:50,47.9417,-97.4337,67.93,38,40,6.91
213,Richards Bay,ZA,2021-09-21 20:27:50,-28.783,32.0377,63.93,71,94,9.66
214,Dunedin,NZ,2021-09-21 20:25:14,-45.8742,170.5036,45.36,77,4,4.94
215,Orlandia,BR,2021-09-21 20:27:51,-20.7203,-47.8867,98.74,14,79,2.24
216,Awjilah,LY,2021-09-21 20:27:51,29.1081,21.2869,89.83,16,0,8.59
217,Irtyshskiy,RU,2021-09-21 20:27:52,58.3333,68.1333,38.25,84,98,5.17
218,Namatanai,PG,2021-09-21 20:27:52,-3.6667,152.4333,78.17,84,100,4.63
219,Nyakabindi,TZ,2021-09-21 20:27:52,-2.6333,33.9833,75.83,50,100,10.92
220,Ulaangom,MN,2021-09-21 20:27:53,49.9811,92.0667,42.37,48,54,8.28
221,Daru,PG,2021-09-21 20:27:53,-9.0763,143.2092,76.69,89,41,13.87
222,Watsa,CD,2021-09-21 20:27:53,3.0372,29.5355,64.76,98,100,2.04
223,Vallenar,CL,2021-09-21 20:27:54,-28.5708,-70.7581,72.03,27,1,9.55
224,Dikson,RU,2021-09-21 20:27:42,73.5069,80.5464,33.82,73,100,1.34
225,Lakshmipur,BD,2021-09-21 20:27:54,22.95,90.8333,78.49,86,100,6.4
226,Alvaraes,BR,2021-09-21 20:27:54,-3.2208,-64.8042,93.07,46,71,1.28
227,Araouane,ML,2021-09-21 20:27:55,18.9048,-3.5265,100.99,10,10,2.04
228,San Vicente,AR,2021-09-21 20:27:55,-26.6167,-54.1333,62.53,82,94,7.38
229,Egvekinot,RU,2021-09-21 20:27:55,66.3167,-179.1667,20.79,73,9,4.27
230,Coahuayana,MX,2021-09-21 20:27:56,18.7333,-103.6833,90.88,58,70,6.78
231,Derzhavinsk,KZ,2021-09-21 20:27:56,51.1,66.3167,38.98,61,56,1.66
232,Hobyo,SO,2021-09-21 20:27:56,5.3505,48.5268,77.38,79,1,22.88
233,Yinchuan,CN,2021-09-21 20:27:57,38.4681,106.2731,71.22,20,100,3.96
234,Gwadar,PK,2021-09-21 20:27:57,25.1216,62.3254,81.75,87,67,8.66
235,Ilulissat,GL,2021-09-21 20:27:57,69.2167,-51.1,25.81,90,94,1.83
236,Talaya,RU,2021-09-21 20:27:58,61.3833,152.75,29.61,96,100,5.55
237,Torbay,CA,2021-09-21 20:27:58,47.6666,-52.7314,62.58,64,75,19.57
238,Russkaya Polyana,UA,2021-09-21 20:27:58,49.417,31.9201,44.46,86,100,13.69
239,Arraial Do Cabo,BR,2021-09-21 20:27:59,-22.9661,-42.0278,73.36,88,90,23.02
240,Cawayan,PH,2021-09-21 20:27:59,9.9718,122.6249,77.25,87,100,8.08
241,Okhotsk,RU,2021-09-21 20:28:00,59.3833,143.3,42.6,63,90,10.71
242,Paamiut,GL,2021-09-21 20:28:00,61.994,-49.6678,34.59,56,100,4.54
243,El Alto,PE,2021-09-21 20:28:00,-4.2714,-81.2147,71.26,71,48,23.0
244,Simbahan,PH,2021-09-21 20:28:01,6.3032,120.5836,79.88,79,100,16.22
245,Hirara,JP,2021-09-21 20:28:01,24.8,125.2833,83.62,72,0,3.83
246,Charters Towers,AU,2021-09-21 20:28:01,-20.1,146.2667,51.8,23,21,19.3
247,Broken Hill,AU,2021-09-21 20:24:18,-31.95,141.4333,38.91,75,20,6.91
248,Brae,GB,2021-09-21 20:28:02,60.3964,-1.353,55.31,86,61,32.5
249,Chuy,UY,2021-09-21 20:28:02,-33.6971,-53.4616,55.62,73,7,13.22
250,Wasilla,US,2021-09-21 20:27:45,61.5814,-149.4394,44.02,62,1,0.0
251,Winnemucca,US,2021-09-21 20:28:03,40.973,-117.7357,75.25,15,1,2.64
252,Elat,IL,2021-09-21 20:28:03,29.5581,34.9482,87.64,29,0,13.8
253,Constitucion,CL,2021-09-21 20:28:03,-35.3333,-72.4167,56.84,77,17,10.54
254,Parkes,AU,2021-09-21 20:28:04,-33.1333,148.1833,29.97,94,0,3.33
255,Rocha,UY,2021-09-21 20:28:04,-34.4833,-54.3333,54.01,74,16,12.55
256,Cayenne,GF,2021-09-21 20:28:04,4.9333,-52.3333,87.84,78,40,5.01
257,Hasaki,JP,2021-09-21 20:28:05,35.7333,140.8333,70.2,87,100,0.78
258,Sal Rei,CV,2021-09-21 20:28:05,16.1833,-22.9167,79.36,80,37,16.08
259,Bisira,PA,2021-09-21 20:28:06,8.5196,-81.7115,68.47,76,99,2.1
260,Hopkinsville,US,2021-09-21 20:25:30,36.8656,-87.4886,83.5,94,61,3.76
261,Kavieng,PG,2021-09-21 20:28:06,-2.5744,150.7967,81.03,77,99,9.64
262,Inongo,CD,2021-09-21 20:28:06,-1.95,18.2667,72.86,79,71,3.04
263,Zakamensk,RU,2021-09-21 20:28:07,50.3741,103.2863,37.6,94,87,2.73
264,Savannakhet,LA,2021-09-21 20:28:08,16.566,104.751,73.8,95,74,3.98
265,San Carlos De Bariloche,AR,2021-09-21 20:27:58,-41.1456,-71.3082,62.35,29,40,16.11
266,Andijon,UZ,2021-09-21 20:28:09,40.7821,72.3442,65.55,23,0,6.06
267,Airai,TL,2021-09-21 20:28:09,-8.9266,125.4092,59.9,77,67,3.51
268,Krasnoselkup,RU,2021-09-21 20:28:09,65.7,82.4667,28.44,93,86,11.86
269,Westport,US,2021-09-21 20:28:10,41.1415,-73.3579,77.83,71,75,1.01
270,Amahai,ID,2021-09-21 20:28:10,-3.3333,128.9167,76.44,89,99,2.13
271,Jumla,NP,2021-09-21 20:28:10,29.2747,82.1838,55.92,91,36,3.53
272,Weligama,LK,2021-09-21 20:25:55,5.9667,80.4167,77.81,89,17,9.19
273,Coihaique,CL,2021-09-21 20:28:11,-45.5752,-72.0662,65.01,44,0,9.22
274,Quepos,CR,2021-09-21 20:28:11,9.4236,-84.1652,87.04,80,98,6.64
275,Pevek,RU,2021-09-21 20:28:11,69.7008,170.3133,25.83,86,68,7.23
276,Shelburne,CA,2021-09-21 20:28:12,44.0787,-80.2041,72.36,77,99,15.59
277,Pochutla,MX,2021-09-21 20:28:12,15.7432,-96.4661,89.82,56,100,5.88
278,Yar-Sale,RU,2021-09-21 20:28:12,66.8333,70.8333,35.19,83,100,10.07
279,Pisco,PE,2021-09-21 20:28:13,-13.7,-76.2167,68.05,68,0,18.41
280,Pacific Grove,US,2021-09-21 20:27:50,36.6177,-121.9166,102.15,46,1,7.0
281,Danshui,CN,2021-09-21 20:28:13,22.7984,114.4672,85.01,85,97,2.62
282,Clyde River,CA,2021-09-21 20:28:14,70.4692,-68.5914,30.43,93,90,0.0
283,Ambilobe,MG,2021-09-21 20:28:10,-13.2,49.05,70.61,72,26,5.48
284,Sao Gabriel Da Cachoeira,BR,2021-09-21 20:28:14,-0.1303,-67.0892,89.4,62,20,1.14
285,Grindavik,IS,2021-09-21 20:27:44,63.8424,-22.4338,42.75,81,75,28.77
286,Chambas,CU,2021-09-21 20:28:15,22.1928,-78.9136,89.22,62,58,12.68
287,Vila,PT,2021-09-21 20:28:15,42.0304,-8.1588,60.33,71,2,4.41
288,Kemijarvi,FI,2021-09-21 20:28:15,66.7131,27.4306,31.69,94,12,5.26
289,Los Corrales De Buelna,ES,2021-09-21 20:28:16,43.2636,-4.0726,64.09,99,75,1.9
290,Cabo San Lucas,MX,2021-09-21 20:25:07,22.8909,-109.9124,93.61,71,75,9.22
291,Igis,CH,2021-09-21 20:28:16,46.9453,9.5722,58.59,96,13,0.67
292,Jalu,LY,2021-09-21 20:28:16,29.0331,21.5482,90.03,16,0,8.9
293,Batemans Bay,AU,2021-09-21 20:28:17,-35.7167,150.1833,47.19,64,84,3.8
294,Pouembout,NC,2021-09-21 20:28:17,-21.1333,164.9,70.2,67,40,4.41
295,Hamilton,US,2021-09-21 20:25:42,39.1834,-84.5333,75.76,88,90,1.01
296,Palasa,IN,2021-09-21 20:28:18,18.7667,84.4167,79.07,87,99,5.03
297,Ayan,RU,2021-09-21 20:28:18,56.45,138.1667,42.82,64,89,11.23
298,Provideniya,RU,2021-09-21 20:28:18,64.3833,-173.3,32.11,64,40,8.95
299,Vestmannaeyjar,IS,2021-09-21 20:28:19,63.4427,-20.2734,46.02,72,100,33.87
300,Mahuta,TZ,2021-09-21 20:28:19,-10.8667,39.45,63.99,93,0,4.38
301,Gazalkent,UZ,2021-09-21 20:28:19,41.5581,69.7708,59.36,29,0,4.85
302,Talcahuano,CL,2021-09-21 20:28:20,-36.7167,-73.1167,56.88,77,75,13.8
303,Gouyave,GD,2021-09-21 20:28:20,12.1646,-61.7296,86.77,70,20,16.11
304,Rapu-Rapu,PH,2021-09-21 20:28:20,13.1866,124.1256,82.31,77,100,8.93
305,Douglas,US,2021-09-21 20:28:21,41.3,-96.167,73.33,39,1,3.0
306,Tocantins,BR,2021-09-21 20:28:21,-10.5,-48.0,91.69,13,43,4.81
307,Elizabeth City,US,2021-09-21 20:28:21,36.2946,-76.2511,84.4,72,1,11.5
308,Asau,RO,2021-09-21 20:28:22,46.4333,26.4,49.12,91,33,2.68
309,Anloga,GH,2021-09-21 20:28:22,5.7947,0.8973,80.82,87,96,12.8
310,Handan,CN,2021-09-21 20:28:22,36.6006,114.4678,67.35,74,0,9.4
311,Saldanha,ZA,2021-09-21 20:28:23,-33.0117,17.9442,51.85,78,0,11.5
312,Los Llanos De Aridane,ES,2021-09-21 20:28:23,28.6585,-17.9182,71.35,84,75,12.66
313,Termini Imerese,IT,2021-09-21 20:28:24,37.9837,13.6956,76.98,73,27,3.31
314,Karasjok,NO,2021-09-21 20:28:24,69.4719,25.5112,41.11,77,77,16.11
315,San Rafael,AR,2021-09-21 20:28:24,-34.6177,-68.3301,67.62,28,1,11.43
316,Sidmouth,GB,2021-09-21 20:28:24,50.6909,-3.2397,61.16,87,100,2.01
317,Milkovo,RU,2021-09-21 20:28:25,54.7167,158.6167,42.3,94,100,4.61
318,Boyolangu,ID,2021-09-21 20:28:25,-8.1181,111.8935,73.69,89,100,0.89
319,Sulphur Springs,US,2021-09-21 20:28:26,33.1385,-95.6011,85.06,48,1,12.66
320,Xiongzhou,CN,2021-09-21 20:28:26,25.1167,114.3,76.42,73,100,1.59
321,Prestea,GH,2021-09-21 20:28:26,5.4327,-2.1428,74.57,94,56,5.23
322,Gisborne,NZ,2021-09-21 20:28:27,-38.6533,178.0042,53.94,77,100,6.69
323,Kovdor,RU,2021-09-21 20:28:27,67.5662,30.4758,30.16,91,18,5.41
324,Marawi,PH,2021-09-21 20:28:27,7.9986,124.2928,64.65,95,71,3.06
325,Feijo,BR,2021-09-21 20:28:28,-8.1642,-70.3536,96.48,36,92,1.19
326,Shache,CN,2021-09-21 20:28:28,38.4167,77.2406,71.76,16,0,4.03
327,Yenagoa,NG,2021-09-21 20:28:28,4.9247,6.2642,72.61,97,100,3.89
328,Saint-Augustin,CA,2021-09-21 20:28:29,51.226,-58.6502,67.75,56,96,19.73
329,Klaksvik,FO,2021-09-21 20:28:29,62.2266,-6.589,52.72,94,100,41.43
330,Havoysund,NO,2021-09-21 20:28:29,70.9963,24.6622,45.48,70,3,27.04
331,Lagos,NG,2021-09-21 20:23:47,6.5833,3.75,79.12,92,100,4.03
332,Sao Joao Da Barra,BR,2021-09-21 20:28:30,-21.6403,-41.0511,84.29,71,9,12.12
333,Caravelas,BR,2021-09-21 20:28:30,-17.7125,-39.2481,76.84,80,6,12.24
334,Washougal,US,2021-09-21 20:28:30,45.5826,-122.3534,83.91,36,1,20.71
335,Muros,ES,2021-09-21 20:28:31,42.7762,-9.0603,65.84,67,0,15.39
336,Karachi,PK,2021-09-21 20:27:14,24.9056,67.0822,82.22,74,75,11.5
337,Am Timan,TD,2021-09-21 20:28:31,11.0297,20.2827,76.24,87,100,3.18
338,Hervey Bay,AU,2021-09-21 20:28:31,-25.2986,152.8535,50.11,52,0,12.08
339,Tagusao,PH,2021-09-21 20:28:32,9.1924,117.8141,76.8,89,100,6.69
340,Suphan Buri,TH,2021-09-21 20:28:32,14.4742,100.1222,77.99,96,100,2.86
341,Sven,RU,2021-09-21 20:28:33,53.1822,34.5511,44.71,98,100,2.98
342,Tiznit,MA,2021-09-21 20:28:33,29.5833,-9.5,64.06,80,50,4.56
343,Ucluelet,CA,2021-09-21 20:28:33,48.9329,-125.5528,59.31,68,79,3.18
344,Impfondo,CG,2021-09-21 20:28:34,1.6381,18.0667,75.99,78,95,1.59
345,Wahpeton,US,2021-09-21 20:28:34,46.2652,-96.6059,65.77,37,5,11.03
346,Rokupr,SL,2021-09-21 20:28:35,8.6717,-12.395,75.42,95,84,3.78
347,Belmopan,BZ,2021-09-21 20:27:01,17.25,-88.7667,89.98,64,59,5.19
348,Porto Novo,BJ,2021-09-21 20:28:35,6.4965,2.6036,80.42,88,100,7.31
349,Tasiilaq,GL,2021-09-21 20:28:35,65.6145,-37.6368,30.36,60,100,5.3
350,Espanola,US,2021-09-21 20:24:11,35.9911,-106.0806,75.96,24,2,15.88
351,Kimberley,ZA,2021-09-21 20:28:36,-28.7323,24.7623,53.29,12,0,3.44
352,Dong Xoai,VN,2021-09-21 20:28:36,11.5333,106.9167,73.22,97,79,2.53
353,Praia,CV,2021-09-21 20:28:37,14.9215,-23.5087,79.27,82,50,12.28
354,Bilibino,RU,2021-09-21 20:28:37,68.0546,166.4372,16.38,85,78,3.18
355,Lagoa,PT,2021-09-21 20:28:38,39.05,-27.9833,70.32,76,0,17.05
356,Santa Rosa,PH,2021-09-21 20:28:38,14.3122,121.1114,82.38,80,100,5.01
357,Honiara,SB,2021-09-21 20:25:23,-9.4333,159.95,77.2,84,5,4.52
358,Aksha,RU,2021-09-21 20:28:39,50.2814,113.2867,50.83,86,73,4.25
359,Georgetown,MY,2021-09-21 20:28:39,5.4112,100.3354,79.9,87,20,1.99
360,Norman Wells,CA,2021-09-21 20:28:39,65.282,-126.8329,46.44,66,75,19.57
361,Ust-Nera,RU,2021-09-21 20:28:40,64.5667,143.2,30.16,77,9,3.24
362,Petapa,GT,2021-09-21 20:28:40,14.5028,-90.5517,83.55,52,40,13.8
363,Cortland,US,2021-09-21 20:28:40,42.6001,-76.083,73.11,74,40,10.36
364,Kajaani,FI,2021-09-21 20:28:41,64.2273,27.7285,28.45,93,0,4.61
365,Aleksandrov Gay,RU,2021-09-21 20:28:41,50.147,48.5704,68.56,37,100,15.97
366,Angoche,MZ,2021-09-21 20:28:41,-16.2325,39.9086,74.82,81,0,8.88
367,Sola,VU,2021-09-21 20:28:42,-13.8833,167.55,79.52,78,27,15.86
368,Yeniseysk,RU,2021-09-21 20:28:42,58.4497,92.1703,34.36,98,100,5.57
369,Kieta,PG,2021-09-21 20:28:42,-6.2167,155.6333,78.48,86,100,5.08
370,Palmerston,AU,2021-09-21 20:28:43,-12.486,130.9833,76.98,57,0,6.91
371,Praia Da Vitoria,PT,2021-09-21 20:28:43,38.7333,-27.0667,75.45,73,20,9.04
372,Sao Felix Do Xingu,BR,2021-09-21 20:24:50,-6.6447,-51.995,101.05,19,92,6.31
373,Shimoda,JP,2021-09-21 20:28:44,34.6667,138.95,74.46,86,100,4.85
374,Marabba,SD,2021-09-21 20:28:44,12.35,32.1833,75.18,78,100,14.14
375,Terrace,CA,2021-09-21 20:28:44,54.5163,-128.6035,57.11,94,90,20.71
376,Victoria,HK,2021-09-21 20:28:45,22.2855,114.1577,85.32,85,97,4.65
377,Pauini,BR,2021-09-21 20:28:45,-7.7136,-66.9764,91.92,47,47,4.27
378,Kaduqli,SD,2021-09-21 20:28:45,11.0167,29.7167,70.48,89,100,3.29
379,Bonavista,CA,2021-09-21 20:28:46,48.6499,-53.1147,66.2,65,73,11.41
380,Balad,IQ,2021-09-21 20:28:46,34.0164,44.1453,85.86,19,0,12.21
381,Puerto Baquerizo Moreno,EC,2021-09-21 20:28:46,-0.9,-89.6,74.39,73,40,16.11
382,Sulangan,PH,2021-09-21 20:28:47,11.1373,123.7228,82.09,72,87,3.69
383,Puertollano,ES,2021-09-21 20:28:47,38.6871,-4.1073,64.18,57,0,14.34
384,Okha,RU,2021-09-21 20:28:48,53.5739,142.9478,43.86,73,37,5.66
385,Vila Franca Do Campo,PT,2021-09-21 20:28:48,37.7167,-25.4333,72.01,76,32,9.35
386,Santa Cruz De Tenerife,ES,2021-09-21 20:28:48,28.4682,-16.2546,76.21,83,40,10.0
387,Edremit,TR,2021-09-21 20:28:49,39.5961,27.0244,67.75,64,0,17.27
388,Tucuman,AR,2021-09-21 20:28:49,-26.8241,-65.2226,62.6,67,90,4.61
389,Atbasar,KZ,2021-09-21 20:28:49,51.8,68.3333,35.02,70,6,3.02
390,Aklavik,CA,2021-09-21 20:28:50,68.2191,-135.0107,39.92,82,100,13.4
391,Chicama,PE,2021-09-21 20:28:50,-7.8447,-79.1469,61.34,64,32,10.49
392,Anadyr,RU,2021-09-21 20:28:50,64.75,177.4833,32.5,100,75,2.24
393,Ivankiv,UA,2021-09-21 20:28:51,50.9386,29.8943,44.6,95,100,12.37
394,Suksun,RU,2021-09-21 20:28:51,57.1431,57.3949,34.12,88,1,3.36
395,Moerai,PF,2021-09-21 20:28:51,-22.4333,-151.3333,74.41,81,75,10.16
396,Kendari,ID,2021-09-21 20:28:52,-3.945,122.4989,69.1,93,100,5.91
397,Aleksandrovskoye,RU,2021-09-21 20:28:52,44.7142,43.0008,60.94,90,74,5.61
398,Bandarbeyla,SO,2021-09-21 20:28:53,9.4942,50.8122,78.53,76,100,25.75
399,Fort Collins,US,2021-09-21 20:24:55,40.5853,-105.0844,68.85,32,1,3.0
400,Tadine,NC,2021-09-21 20:28:53,-21.55,167.8833,73.4,74,92,11.52
401,Bom Jesus Da Lapa,BR,2021-09-21 20:28:54,-13.255,-43.4181,99.46,14,17,10.58
402,Djambala,CG,2021-09-21 20:28:54,-2.5447,14.7533,72.43,77,47,6.51
403,Bathsheba,BB,2021-09-21 20:28:54,13.2167,-59.5167,88.41,66,40,14.97
404,Beian,NO,2021-09-21 20:28:55,63.6559,9.5683,52.02,93,75,17.27
405,Coquimbo,CL,2021-09-21 20:28:55,-29.9533,-71.3436,58.73,67,75,10.36
406,Bay City,US,2021-09-21 20:27:24,43.5945,-83.8889,68.49,84,90,11.5
407,Mamurras,AL,2021-09-21 20:28:55,41.5775,19.6922,64.54,82,0,4.61
408,Awbari,LY,2021-09-21 20:28:56,26.5921,12.7805,84.87,15,0,7.38
409,Tynda,RU,2021-09-21 20:28:56,55.1667,124.7167,41.34,96,62,2.75
410,Civita Castellana,IT,2021-09-21 20:28:57,42.2952,12.4092,71.22,64,38,5.99
411,Isabela,PH,2021-09-21 20:28:57,6.7085,121.9711,77.18,85,100,2.57
412,Fowa,NG,2021-09-21 20:28:57,8.9167,6.4,74.7,93,100,5.39
413,Filingue,NE,2021-09-21 20:28:58,14.3521,3.3168,93.88,34,23,8.79
414,Fortuna,US,2021-09-21 20:28:26,40.5982,-124.1573,92.43,40,1,3.0
415,Arrecife,ES,2021-09-21 20:28:58,28.963,-13.5477,75.27,68,20,10.36
416,Port Macquarie,AU,2021-09-21 20:28:58,-31.4333,152.9167,51.76,71,38,15.57
417,Vila Velha,BR,2021-09-21 20:25:40,-20.3297,-40.2925,84.15,65,0,9.22
418,San Francisco Del Mar,MX,2021-09-21 20:28:59,16.2333,-94.65,90.25,63,7,15.68
419,Wanaka,NZ,2021-09-21 20:28:59,-44.7,169.15,36.9,83,5,3.44
420,Tiksi,RU,2021-09-21 20:29:00,71.6872,128.8694,33.48,72,100,2.28
421,Takoradi,GH,2021-09-21 20:29:00,4.8845,-1.7554,76.21,91,32,8.7
422,La Victoria,VE,2021-09-21 20:29:00,10.2184,-67.3302,86.09,71,100,4.56
423,Yerbogachen,RU,2021-09-21 20:29:01,61.2767,108.0108,33.39,94,82,4.99
424,Yumen,CN,2021-09-21 20:29:01,40.2833,97.2,63.18,31,100,7.63
425,Narsaq,GL,2021-09-21 20:29:01,60.9167,-46.05,39.42,52,100,1.54
426,Ocos,GT,2021-09-21 20:29:02,14.5094,-92.1933,91.9,73,5,8.01
427,Ongandjera,NA,2021-09-21 20:29:02,-17.8833,15.0667,79.68,17,5,10.8
428,Iqaluit,CA,2021-09-21 20:29:02,63.7506,-68.5145,33.53,93,90,3.44
429,Puerto Escondido,MX,2021-09-21 20:29:03,15.85,-97.0667,88.63,58,40,3.44
430,Lompoc,US,2021-09-21 20:29:03,34.6391,-120.4579,98.74,59,1,10.36
431,Gunjur,GM,2021-09-21 20:29:03,13.2019,-16.7339,82.47,89,0,5.75
432,Clyde,US,2021-09-21 20:29:04,41.3042,-82.9752,73.69,80,89,16.8
433,Akyab,MM,2021-09-21 20:29:04,20.15,92.9,78.94,83,100,1.63
434,Carutapera,BR,2021-09-21 20:29:04,-1.195,-46.02,82.98,68,12,10.27
435,Bara,NG,2021-09-21 20:29:05,10.3744,10.7288,76.19,86,100,4.74
436,Desnogorsk,RU,2021-09-21 20:29:05,54.1508,33.2815,44.47,98,100,6.62
437,Beyneu,KZ,2021-09-21 20:29:05,45.3167,55.2,62.91,37,26,16.08
438,Havre,FR,2021-09-21 20:29:06,49.5833,0.3333,55.83,88,0,4.61
439,Kauhajoki,FI,2021-09-21 20:29:06,62.4333,22.1833,28.38,87,8,2.84
440,Oranjemund,NA,2021-09-21 20:29:06,-28.55,16.4333,63.86,48,1,8.16
441,Borovoy,RU,2021-09-21 20:29:07,55.4333,86.0833,36.68,93,75,6.71
442,Turangi,NZ,2021-09-21 20:29:07,-39.0,175.9333,44.15,100,100,1.59
443,Port Shepstone,ZA,2021-09-21 20:29:07,-30.7414,30.455,63.48,64,99,11.39
444,Kuntaur,GM,2021-09-21 20:29:08,13.6667,-14.8833,84.2,74,76,5.61
445,Drawsko Pomorskie,PL,2021-09-21 20:29:08,53.5306,15.8097,49.1,91,100,3.11
446,Rancho Veloz,CU,2021-09-21 20:29:09,22.8806,-80.3917,88.29,72,98,13.11
447,San Andres,CO,2021-09-21 20:29:09,12.5847,-81.7006,86.02,74,40,9.22
448,Gilbues,BR,2021-09-21 20:29:09,-9.8317,-45.3439,99.01,13,14,6.02
449,Juneau,US,2021-09-21 20:29:10,58.3019,-134.4197,53.65,94,90,7.0
450,Novokayakent,RU,2021-09-21 20:29:10,42.3937,47.9861,62.65,72,12,3.78
451,Port Augusta,AU,2021-09-21 20:29:10,-32.5,137.7667,51.94,86,36,5.26
452,Paramonga,PE,2021-09-21 20:29:11,-10.6667,-77.8333,66.22,75,26,11.63
453,Bure,ET,2021-09-21 20:29:11,10.7,37.0667,56.07,93,34,3.85
454,Cockburn Town,TC,2021-09-21 20:27:38,21.4612,-71.1419,83.43,77,1,17.92
455,College,US,2021-09-21 20:26:43,64.8569,-147.8028,35.58,62,90,4.61
456,Mmabatho,ZA,2021-09-21 20:29:12,-25.85,25.6333,60.76,23,0,8.05
457,Rusape,ZW,2021-09-21 20:29:12,-18.5278,32.1284,62.01,35,0,7.61
458,Coro,VE,2021-09-21 20:29:12,11.4045,-69.6734,89.2,62,98,18.28
459,Prince Rupert,CA,2021-09-21 20:29:13,54.3161,-130.3201,57.29,90,90,11.5
460,Aparecida Do Taboado,BR,2021-09-21 20:29:13,-20.0867,-51.0936,104.13,11,11,4.36
461,Playa Vicente,MX,2021-09-21 20:29:13,17.8333,-95.8167,85.62,79,99,6.55
462,Laramie,US,2021-09-21 20:26:37,41.3114,-105.5911,58.08,26,1,4.0
463,Klyuchi,RU,2021-09-21 20:29:14,52.2667,79.1667,37.31,73,77,8.28
464,Saint-Pierre,RE,2021-09-21 20:29:14,-21.3393,55.4781,65.88,62,0,5.75
465,Kirovskiy,RU,2021-09-21 20:29:14,45.0917,133.5136,56.14,97,51,3.85
466,Sobolevo,RU,2021-09-21 20:28:49,54.4299,31.8996,40.96,98,100,10.13
467,Cam Ranh,VN,2021-09-21 20:29:15,11.9214,109.1591,78.76,83,40,1.14
468,Husavik,IS,2021-09-21 20:29:15,66.0449,-17.3389,40.91,98,100,25.75
469,Mago,RU,2021-09-21 20:29:15,53.2514,140.1822,34.57,92,17,1.52
470,Sanjo,JP,2021-09-21 20:29:16,37.6167,138.95,66.54,71,0,4.5
471,Leningradskiy,RU,2021-09-21 20:29:16,69.3833,178.4167,24.03,87,99,13.02
472,Yakima,US,2021-09-21 20:25:22,46.4665,-120.6678,74.84,36,1,8.05
473,Maxixe,MZ,2021-09-21 20:29:17,-23.8597,35.3472,69.69,75,81,17.02
474,Mayskiy,RU,2021-09-21 20:29:17,47.6931,40.1025,54.81,67,95,7.72
475,Bubaque,GW,2021-09-21 20:29:17,11.2833,-15.8333,81.97,80,100,8.59
476,Churachandpur,IN,2021-09-21 20:29:18,24.3333,93.6667,65.34,99,99,1.86
477,Nizip,TR,2021-09-21 20:29:18,37.0097,37.7942,77.13,43,0,8.75
478,Ust-Omchug,RU,2021-09-21 20:29:18,61.15,149.6333,28.99,93,100,5.73
479,Itarema,BR,2021-09-21 20:29:19,-2.9248,-39.9167,80.76,70,16,17.67
480,Rock Springs,US,2021-09-21 20:25:41,41.5875,-109.2029,60.04,22,1,3.0
481,Amapa,BR,2021-09-21 20:29:19,1.0,-52.0,73.47,96,74,5.86
482,Mayo,US,2021-09-21 20:28:29,38.8876,-76.5119,82.38,69,75,7.0
483,Arona,ES,2021-09-21 20:29:20,28.0996,-16.681,69.31,63,40,1.99
484,At-Bashi,KG,2021-09-21 20:29:20,41.1702,75.8106,47.97,37,0,1.99
485,Dondo,MZ,2021-09-21 20:29:20,-19.6094,34.7431,72.91,77,0,7.94
486,Rabaul,PG,2021-09-21 20:29:21,-4.1967,152.1721,78.06,81,100,6.73
487,Nabire,ID,2021-09-21 20:29:21,-3.3667,135.4833,74.37,94,100,4.21
488,Aswan,EG,2021-09-21 20:29:21,24.0934,32.907,94.3,13,0,6.91
489,Santa Luzia,BR,2021-09-21 20:29:22,-19.7697,-43.8514,95.14,26,0,5.75
490,Aksu,CN,2021-09-21 20:28:10,41.1231,80.2644,70.56,24,0,3.33
491,Port Lincoln,AU,2021-09-21 20:29:23,-34.7333,135.8667,51.67,85,61,4.07
492,Tyukalinsk,RU,2021-09-21 20:29:23,55.8732,72.1967,37.2,73,100,10.58
493,Mount Isa,AU,2021-09-21 20:28:37,-20.7333,139.5,53.37,20,37,17.27
494,Zhezkazgan,KZ,2021-09-21 20:29:23,47.8043,67.7144,45.39,41,97,11.39
495,Bambanglipuro,ID,2021-09-21 20:29:24,-7.95,110.2833,75.11,85,99,2.35
496,Maple Valley,US,2021-09-21 20:25:20,47.3927,-122.0464,76.95,55,1,1.01
497,Nantucket,US,2021-09-21 20:29:24,41.2835,-70.0995,74.97,73,40,13.8
498,Hambantota,LK,2021-09-21 20:29:02,6.1241,81.1185,79.12,83,32,14.63
499,Nemuro,JP,2021-09-21 20:29:25,43.3236,145.575,60.8,95,100,18.05
500,Grand Gaube,MU,2021-09-21 20:29:25,-20.0064,57.6608,70.2,68,2,5.99
501,Marystown,CA,2021-09-21 20:29:25,47.1666,-55.1483,58.77,69,65,15.64
502,Opuwo,NA,2021-09-21 20:28:16,-18.0607,13.84,77.05,21,14,5.66
503,Ponca City,US,2021-09-21 20:29:26,36.707,-97.0856,80.11,27,1,12.66
504,Buraydah,SA,2021-09-21 20:29:26,26.326,43.975,86.45,19,4,7.76
505,Sabha,LY,2021-09-21 20:29:27,27.0377,14.4283,87.76,14,0,9.13
506,Port-Cartier,CA,2021-09-21 20:29:27,50.0334,-66.8654,62.82,66,100,11.88
507,Acarau,BR,2021-09-21 20:29:27,-2.8856,-40.12,81.32,69,14,19.69
508,Elko,US,2021-09-21 20:29:28,41.0002,-115.5012,70.65,13,0,7.0
509,Price,US,2021-09-21 20:29:28,39.5994,-110.8107,70.72,19,1,4.61
510,Atyrau,KZ,2021-09-21 20:29:28,47.1167,51.8833,60.82,31,0,15.66
511,Frankfort,ZA,2021-09-21 20:26:18,-27.2667,28.4833,54.18,72,0,12.53
512,Mae Hong Son,TH,2021-09-21 20:29:29,19.3003,97.9685,71.71,99,54,1.48
513,Binga,ZW,2021-09-21 20:29:29,-17.6203,27.3414,75.92,28,0,4.7
514,Gawler,AU,2021-09-21 20:29:29,-34.6,138.7333,51.64,96,98,2.04
515,Gorom-Gorom,BF,2021-09-21 20:29:30,14.4439,-0.2361,93.34,32,86,10.76
516,Alta Floresta,BR,2021-09-21 20:29:30,-9.8756,-56.0861,94.82,43,20,4.61
517,Iralaya,HN,2021-09-21 20:29:30,15.0,-83.2333,87.89,73,24,8.14
518,High Level,CA,2021-09-21 20:28:15,58.5169,-117.136,64.51,42,40,4.61
519,Council Bluffs,US,2021-09-21 20:27:20,41.2619,-95.8608,74.25,38,40,19.57
520,Buenos Aires,AR,2021-09-21 20:25:15,-34.6132,-58.3772,62.91,58,0,14.97
521,Ojinaga,MX,2021-09-21 20:29:31,29.5667,-104.4167,89.42,25,1,13.8
522,Taksimo,RU,2021-09-21 20:29:31,56.3444,114.8794,46.6,94,100,7.25
523,Taltal,CL,2021-09-21 20:29:32,-25.4,-70.4833,61.66,68,39,7.4
524,Aguimes,ES,2021-09-21 20:29:32,27.9054,-15.4461,72.23,66,40,19.57
525,Champerico,GT,2021-09-21 20:29:32,14.3,-91.9167,95.54,72,16,8.97
526,Tessalit,ML,2021-09-21 20:29:33,20.1986,1.0114,93.78,8,1,9.93
527,Sangar,RU,2021-09-21 20:29:33,63.9242,127.4739,36.16,82,76,8.39
528,Maneadero,MX,2021-09-21 20:29:34,31.7167,-116.5667,79.11,74,16,3.0
529,Tigveni,RO,2021-09-21 20:29:34,45.1333,24.5833,46.06,68,67,5.59
530,Maceio,BR,2021-09-21 20:26:56,-9.6658,-35.7353,81.84,74,0,11.5
531,Tricase,IT,2021-09-21 20:29:34,39.9304,18.3553,69.15,68,68,11.25
532,Lianzhou,CN,2021-09-21 20:29:35,24.7811,112.3825,75.99,93,99,0.89
533,Vilhena,BR,2021-09-21 20:29:35,-12.7406,-60.1458,99.32,15,23,4.38
534,Porto Santo,PT,2021-09-21 20:29:36,33.072,-16.3415,73.31,68,40,16.11
535,Krasnovishersk,RU,2021-09-21 20:29:36,60.4078,57.082,39.06,83,100,4.59
536,Ferkessedougou,CI,2021-09-21 20:29:36,9.6,-5.2,80.04,69,94,4.52
537,Alice Springs,AU,2021-09-21 20:28:04,-23.7,133.8833,42.35,56,22,6.91
538,Bria,CF,2021-09-21 20:29:37,6.5423,21.9863,69.96,99,100,5.17
539,Fairbanks,US,2021-09-21 20:29:37,64.8378,-147.7164,37.09,61,75,1.01
540,Vostok,RU,2021-09-21 20:29:37,46.4856,135.8833,50.13,98,95,2.44
541,Micheweni,TZ,2021-09-21 20:29:38,-4.9667,39.8333,75.43,85,2,9.53
542,Vnanje Gorice,SI,2021-09-21 20:29:38,46.0072,14.4219,58.19,87,3,0.56
543,Japura,ID,2021-09-21 20:29:38,-0.3167,102.35,73.02,98,13,3.0
544,Santa Vitoria Do Palmar,BR,2021-09-21 20:29:39,-33.5189,-53.3681,55.92,73,11,12.8
545,Kragero,NO,2021-09-21 20:29:39,58.8693,9.4149,56.16,67,100,3.83
546,Storslett,NO,2021-09-21 20:29:40,69.7678,21.0247,40.77,81,27,14.81
547,Puerto Quijarro,BO,2021-09-21 20:29:40,-17.7833,-57.7667,104.04,18,13,7.76
548,Prudentopolis,BR,2021-09-21 20:29:41,-25.2131,-50.9778,79.95,59,61,8.7
549,Maragogi,BR,2021-09-21 20:29:41,-9.0122,-35.2225,76.41,77,40,7.23
550,Avera,US,2021-09-21 20:29:41,33.194,-82.5271,85.51,69,85,5.75
551,Maridi,SS,2021-09-21 20:29:42,4.9158,29.4742,66.04,97,20,3.33
552,Koppang,NO,2021-09-21 20:29:42,61.5706,11.0555,44.83,88,95,6.22
553,Abeche,TD,2021-09-21 20:29:42,13.8292,20.8324,85.46,49,100,5.99
554,Oromocto,CA,2021-09-21 20:27:04,45.8351,-66.4792,73.26,49,20,10.36
555,Gamba,GA,2021-09-21 20:29:43,-2.65,10.0,75.51,85,100,4.5
556,Ngunguru,NZ,2021-09-21 20:29:43,-35.6167,174.5,61.16,85,100,17.34
557,Kenitra,MA,2021-09-21 20:29:44,34.261,-6.5802,72.36,86,0,7.7
558,Jiexiu,CN,2021-09-21 20:29:44,37.0244,111.9125,64.98,55,0,1.59
559,Cantagalo,BR,2021-09-21 20:29:44,-21.9811,-42.3681,88.79,39,28,9.86
560,Mount Gambier,AU,2021-09-21 20:29:45,-37.8333,140.7667,48.11,100,90,5.75
561,Ostrovnoy,RU,2021-09-21 20:29:45,68.0531,39.5131,35.65,87,3,9.46
562,Altamira,BR,2021-09-21 20:29:45,-3.2033,-52.2064,91.49,58,20,4.61
563,Hay River,CA,2021-09-21 20:29:06,60.8156,-115.7999,53.58,76,75,6.91
564,Inta,RU,2021-09-21 20:29:46,66.0317,60.1659,38.93,92,100,6.26
